-- 1. Books table
CREATE TABLE Books (
    book_id INTEGER PRIMARY KEY,
    title TEXT,
    genre TEXT,
    price DECIMAL(6,2),
    stock INTEGER
);

-- 2. Customers table
CREATE TABLE Customers (
    customer_id INTEGER PRIMARY KEY,
    name TEXT,
    city TEXT,
    signup_date DATE
);

-- 3. Orders table
CREATE TABLE Orders (
    order_id INTEGER PRIMARY KEY,
    customer_id INTEGER,
    book_id INTEGER,
    quantity INTEGER,
    order_date DATE,
    FOREIGN KEY (customer_id) REFERENCES Customers(customer_id),
    FOREIGN KEY (book_id) REFERENCES Books(book_id)
);

-- 4. MarketingSpend table
CREATE TABLE MarketingSpend (
    spend_id INTEGER PRIMARY KEY,
    customer_id INTEGER,
    spend_amount DECIMAL(7,2),
    FOREIGN KEY (customer_id) REFERENCES Customers(customer_id)
);


-- Books
INSERT INTO Books VALUES
(1, 'Data Science 101', 'Education', 29.99, 100),
(2, 'The Art of SQL', 'Technology', 34.50, 50),
(3, 'Mystery at the Bookstore', 'Fiction', 15.00, 20),
(4, 'Learn Python the Hard Way', 'Education', 40.00, 30),
(5, 'Fantasy World Chronicles', 'Fantasy', 22.50, 10);

-- Customers
INSERT INTO Customers VALUES
(1, 'Alice', 'New York', '2023-01-10'),
(2, 'Bob', 'San Francisco', '2023-03-15'),
(3, 'Charlie', 'Austin', '2023-06-20'),
(4, 'Diana', 'New York', '2024-01-10'),
(5, 'Evan', 'Chicago', '2024-04-05');

-- Orders
INSERT INTO Orders VALUES
(1, 1, 1, 2, '2024-06-01'),
(2, 2, 2, 1, '2024-06-02'),
(3, 1, 3, 1, '2024-06-03'),
(4, 3, 1, 3, '2024-06-04'),
(5, 4, 5, 2, '2024-06-04'),
(6, 5, 2, 2, '2024-06-05'),
(7, 2, 4, 1, '2024-06-05'),
(8, 1, 1, 1, '2024-06-06');

-- Marketing Spend
INSERT INTO MarketingSpend VALUES
(1, 1, 50.00),
(2, 2, 75.00),
(3, 3, 40.00),
(4, 4, 60.00),
(5, 5, 35.00);